msa,city_normalized,state,zip_count
pittsburgh,acme,PA,2
pittsburgh,adah,PA,1
pittsburgh,adamsburg,PA,1
pittsburgh,adrian,PA,1
pittsburgh,aliquippa,PA,2
pittsburgh,allenport,PA,1
pittsburgh,allison,PA,1
pittsburgh,allison park,PA,1
pittsburgh,alverton,PA,1
pittsburgh,ambridge,PA,2
pittsburgh,amity,PA,1
pittsburgh,apollo,PA,2
pittsburgh,ardara,PA,1
pittsburgh,armbrust,PA,1
pittsburgh,arona,PA,1
pittsburgh,atlasburg,PA,1
pittsburgh,avella,PA,1
pittsburgh,avonmore,PA,2
pittsburgh,baden,PA,2
pittsburgh,bairdford,PA,1
pittsburgh,bakerstown,PA,1
pittsburgh,beallsville,PA,1
pittsburgh,beaver,PA,1
pittsburgh,beaver falls,PA,1
pittsburgh,belle vernon,PA,4
pittsburgh,bentleyville,PA,1
pittsburgh,bessemer,PA,1
pittsburgh,bethel park,PA,2
pittsburgh,blairsville,PA,1
pittsburgh,bolivar,PA,1
pittsburgh,boswell,PA,1
pittsburgh,bovard,PA,1
pittsburgh,boyers,PA,1
pittsburgh,brackenridge,PA,1
pittsburgh,braddock,PA,1
pittsburgh,bradenville,PA,1
pittsburgh,bradfordwoods,PA,1
pittsburgh,bridgeville,PA,2
pittsburgh,brier hill,PA,1
pittsburgh,brownfield,PA,1
pittsburgh,brownsville,PA,2
pittsburgh,bruin,PA,1
pittsburgh,buena vista,PA,1
pittsburgh,bulger,PA,2
pittsburgh,bunola,PA,1
pittsburgh,burgettstown,PA,2
pittsburgh,butler,PA,3
pittsburgh,cabot,PA,1
pittsburgh,cadogan,PA,1
pittsburgh,california,PA,1
pittsburgh,callery,PA,1
pittsburgh,canonsburg,PA,1
pittsburgh,cardale,PA,1
pittsburgh,carmichaels,PA,1
pittsburgh,carnegie,PA,1
pittsburgh,cecil,PA,2
pittsburgh,chalk hill,PA,1
pittsburgh,champion,PA,2
pittsburgh,charleroi,PA,1
pittsburgh,chestnut ridge,PA,1
pittsburgh,cheswick,PA,1
pittsburgh,chicora,PA,2
pittsburgh,clairton,PA,1
pittsburgh,claridge,PA,1
pittsburgh,clarksville,PA,1
pittsburgh,claysville,PA,1
pittsburgh,clinton,PA,3
pittsburgh,coal center,PA,1
pittsburgh,cokeburg,PA,1
pittsburgh,confluence,PA,1
pittsburgh,connellsville,PA,1
pittsburgh,connoquenessing,PA,1
pittsburgh,conway,PA,1
pittsburgh,coraopolis,PA,1
pittsburgh,coulters,PA,1
pittsburgh,cowansville,PA,1
pittsburgh,crabtree,PA,1
pittsburgh,cranberry township,PA,2
pittsburgh,creekside,PA,1
pittsburgh,creighton,PA,1
pittsburgh,crescent,PA,1
pittsburgh,cuddy,PA,1
pittsburgh,curtisville,PA,1
pittsburgh,daisytown,PA,1
pittsburgh,darlington,PA,1
pittsburgh,darragh,PA,1
pittsburgh,dawson,PA,1
pittsburgh,dayton,PA,1
pittsburgh,delmont,PA,1
pittsburgh,denbo,PA,1
pittsburgh,derry,PA,1
pittsburgh,dickerson run,PA,1
pittsburgh,donegal,PA,1
pittsburgh,donora,PA,1
pittsburgh,dravosburg,PA,1
pittsburgh,dunbar,PA,1
pittsburgh,dunlevy,PA,1
pittsburgh,duquesne,PA,1
pittsburgh,east brady,PA,1
pittsburgh,east butler,PA,1
pittsburgh,east mc keesport,PA,1
pittsburgh,east millsboro,PA,1
pittsburgh,east pittsburgh,PA,1
pittsburgh,east vandergrift,PA,1
pittsburgh,eau claire,PA,1
pittsburgh,edinburg,PA,1
pittsburgh,eighty four,PA,1
pittsburgh,elco,PA,1
pittsburgh,elderton,PA,1
pittsburgh,elizabeth,PA,2
pittsburgh,ellsworth,PA,1
pittsburgh,ellwood city,PA,2
pittsburgh,elrama,PA,2
pittsburgh,emlenton,PA,1
pittsburgh,enon valley,PA,2
pittsburgh,evans city,PA,1
pittsburgh,everson,PA,1
pittsburgh,export,PA,1
pittsburgh,fairbank,PA,1
pittsburgh,fairchance,PA,1
pittsburgh,fairmount city,PA,1
pittsburgh,farmington,PA,1
pittsburgh,fayette city,PA,2
pittsburgh,fenelton,PA,1
pittsburgh,finleyville,PA,2
pittsburgh,fombell,PA,2
pittsburgh,forbes road,PA,1
pittsburgh,ford city,PA,1
pittsburgh,ford cliff,PA,1
pittsburgh,forestville,PA,1
pittsburgh,fredericktown,PA,1
pittsburgh,freedom,PA,1
pittsburgh,freeport,PA,4
pittsburgh,georgetown,PA,1
pittsburgh,gibbon glade,PA,1
pittsburgh,gibsonia,PA,2
pittsburgh,glassport,PA,1
pittsburgh,glenshaw,PA,1
pittsburgh,grapeville,PA,1
pittsburgh,greenock,PA,1
pittsburgh,greensburg,PA,1
pittsburgh,grindstone,PA,1
pittsburgh,grove city,PA,2
pittsburgh,hannastown,PA,1
pittsburgh,harmony,PA,3
pittsburgh,harrison city,PA,1
pittsburgh,harrisville,PA,1
pittsburgh,harwick,PA,1
pittsburgh,herminie,PA,1
pittsburgh,hibbs,PA,1
pittsburgh,hickory,PA,1
pittsburgh,hiller,PA,1
pittsburgh,hilliards,PA,1
pittsburgh,hillsville,PA,1
pittsburgh,homestead,PA,1
pittsburgh,hookstown,PA,1
pittsburgh,hopwood,PA,1
pittsburgh,hostetter,PA,1
pittsburgh,houston,PA,1
pittsburgh,hunker,PA,1
pittsburgh,hutchinson,PA,1
pittsburgh,hyde park,PA,1
pittsburgh,imperial,PA,3
pittsburgh,indian head,PA,1
pittsburgh,indianola,PA,1
pittsburgh,industry,PA,1
pittsburgh,ingomar,PA,1
pittsburgh,irwin,PA,2
pittsburgh,isabella,PA,1
pittsburgh,jacobs creek,PA,1
pittsburgh,jeannette,PA,1
pittsburgh,joffre,PA,1
pittsburgh,jones mills,PA,1
pittsburgh,karns city,PA,2
pittsburgh,keisterville,PA,1
pittsburgh,kittanning,PA,1
pittsburgh,koppel,PA,1
pittsburgh,la belle,PA,1
pittsburgh,lake lynn,PA,1
pittsburgh,langeloth,PA,1
pittsburgh,larimer,PA,1
pittsburgh,latrobe,PA,1
pittsburgh,laughlintown,PA,1
pittsburgh,lawrence,PA,1
pittsburgh,leckrone,PA,1
pittsburgh,leechburg,PA,2
pittsburgh,leetsdale,PA,1
pittsburgh,leisenring,PA,1
pittsburgh,lemont furnace,PA,1
pittsburgh,ligonier,PA,1
pittsburgh,lowber,PA,1
pittsburgh,loyalhanna,PA,1
pittsburgh,luxor,PA,1
pittsburgh,lyndora,PA,1
pittsburgh,madison,PA,1
pittsburgh,manor,PA,1
pittsburgh,manorville,PA,1
pittsburgh,marianna,PA,1
pittsburgh,markleysburg,PA,1
pittsburgh,mars,PA,2
pittsburgh,martin,PA,1
pittsburgh,masontown,PA,1
pittsburgh,mayport,PA,1
pittsburgh,mc clellandtown,PA,1
pittsburgh,mc donald,PA,2
pittsburgh,mc grann,PA,1
pittsburgh,mc kees rocks,PA,1
pittsburgh,mccandless,PA,0
pittsburgh,mckeesport,PA,6
pittsburgh,meadow lands,PA,1
pittsburgh,melcroft,PA,1
pittsburgh,merrittstown,PA,1
pittsburgh,midland,PA,1
pittsburgh,mill run,PA,1
pittsburgh,millsboro,PA,1
pittsburgh,monaca,PA,1
pittsburgh,monessen,PA,1
pittsburgh,monongahela,PA,2
pittsburgh,monroeville,PA,2
pittsburgh,morgan,PA,1
pittsburgh,mount braddock,PA,1
pittsburgh,mount pleasant,PA,2
pittsburgh,mt. lebanon,PA,0
pittsburgh,murrysville,PA,1
pittsburgh,muse,PA,1
pittsburgh,natrona heights,PA,2
pittsburgh,new alexandria,PA,1
pittsburgh,new bedford,PA,1
pittsburgh,new bethlehem,PA,1
pittsburgh,new brighton,PA,1
pittsburgh,new castle,PA,3
pittsburgh,new derry,PA,1
pittsburgh,new eagle,PA,1
pittsburgh,new florence,PA,1
pittsburgh,new galilee,PA,2
pittsburgh,new geneva,PA,1
pittsburgh,new kensington,PA,2
pittsburgh,new salem,PA,1
pittsburgh,new stanton,PA,1
pittsburgh,new wilmington,PA,1
pittsburgh,newell,PA,1
pittsburgh,normalville,PA,1
pittsburgh,north apollo,PA,1
pittsburgh,north versailles,PA,2
pittsburgh,north washington,PA,1
pittsburgh,norvelt,PA,1
pittsburgh,nu mine,PA,1
pittsburgh,oak ridge,PA,1
pittsburgh,oakdale,PA,1
pittsburgh,oakmont,PA,1
pittsburgh,ohiopyle,PA,1
pittsburgh,oliver,PA,1
pittsburgh,parker,PA,2
pittsburgh,penn,PA,1
pittsburgh,penn hills,PA,0
pittsburgh,perryopolis,PA,1
pittsburgh,petrolia,PA,1
pittsburgh,pitcairn,PA,1
pittsburgh,pittsburgh,PA,48
pittsburgh,pleasant unity,PA,1
pittsburgh,plum,PA,0
pittsburgh,point marion,PA,1
pittsburgh,portersville,PA,2
pittsburgh,presto,PA,1
pittsburgh,pricedale,PA,1
pittsburgh,prospect,PA,1
pittsburgh,prosperity,PA,1
pittsburgh,pulaski,PA,1
pittsburgh,rector,PA,1
pittsburgh,renfrew,PA,1
pittsburgh,republic,PA,1
pittsburgh,richeyville,PA,1
pittsburgh,rillton,PA,1
pittsburgh,rochester,PA,1
pittsburgh,rockwood,PA,1
pittsburgh,ronco,PA,1
pittsburgh,ruffs dale,PA,1
pittsburgh,rural ridge,PA,1
pittsburgh,rural valley,PA,1
pittsburgh,russellton,PA,1
pittsburgh,sagamore,PA,1
pittsburgh,salina,PA,1
pittsburgh,saltsburg,PA,2
pittsburgh,sarver,PA,3
pittsburgh,saxonburg,PA,1
pittsburgh,scenery hill,PA,1
pittsburgh,scottdale,PA,2
pittsburgh,seminole,PA,1
pittsburgh,seward,PA,1
pittsburgh,sewickley,PA,2
pittsburgh,shelocta,PA,1
pittsburgh,shippingport,PA,1
pittsburgh,slickville,PA,1
pittsburgh,slippery rock,PA,2
pittsburgh,slovan,PA,1
pittsburgh,smithfield,PA,1
pittsburgh,smithton,PA,1
pittsburgh,smock,PA,1
pittsburgh,somerset,PA,1
pittsburgh,south heights,PA,1
pittsburgh,south park,PA,2
pittsburgh,southview,PA,1
pittsburgh,southwest,PA,1
pittsburgh,spring church,PA,1
pittsburgh,springdale,PA,1
pittsburgh,stahlstown,PA,1
pittsburgh,stockdale,PA,1
pittsburgh,strabane,PA,1
pittsburgh,sturgeon,PA,1
pittsburgh,sutersville,PA,2
pittsburgh,tarentum,PA,1
pittsburgh,tarrs,PA,1
pittsburgh,taylorstown,PA,1
pittsburgh,templeton,PA,1
pittsburgh,torrance,PA,1
pittsburgh,trafford,PA,2
pittsburgh,turtle creek,PA,1
pittsburgh,uniontown,PA,1
pittsburgh,upper st. clair,PA,0
pittsburgh,valencia,PA,2
pittsburgh,van voorhis,PA,1
pittsburgh,vanderbilt,PA,1
pittsburgh,vandergrift,PA,2
pittsburgh,venetia,PA,1
pittsburgh,verona,PA,1
pittsburgh,vestaburg,PA,1
pittsburgh,villa maria,PA,1
pittsburgh,volant,PA,1
pittsburgh,waltersburg,PA,1
pittsburgh,wampum,PA,2
pittsburgh,warrendale,PA,1
pittsburgh,washington,PA,1
pittsburgh,waynesburg,PA,1
pittsburgh,webster,PA,1
pittsburgh,wendel,PA,1
pittsburgh,west alexander,PA,1
pittsburgh,west elizabeth,PA,1
pittsburgh,west finley,PA,1
pittsburgh,west middlesex,PA,1
pittsburgh,west middletown,PA,1
pittsburgh,west mifflin,PA,1
pittsburgh,west newton,PA,2
pittsburgh,west pittsburg,PA,1
pittsburgh,west sunbury,PA,1
pittsburgh,westland,PA,1
pittsburgh,westmoreland city,PA,1
pittsburgh,wexford,PA,2
pittsburgh,white,PA,1
pittsburgh,whitney,PA,1
pittsburgh,wickhaven,PA,1
pittsburgh,wilkinsburg,PA,0
pittsburgh,wilmerding,PA,1
pittsburgh,worthington,PA,1
pittsburgh,wyano,PA,1
pittsburgh,yatesboro,PA,1
pittsburgh,youngstown,PA,1
pittsburgh,youngwood,PA,1
pittsburgh,yukon,PA,1
pittsburgh,zelienople,PA,2
philadelphia,abington,DE,0
philadelphia,abington,MD,0
philadelphia,abington,NJ,0
philadelphia,abington,PA,1
philadelphia,allentown,NJ,1
philadelphia,alloway,NJ,1
philadelphia,ambler,PA,1
philadelphia,ardmore,PA,2
philadelphia,aston,PA,1
philadelphia,atco,NJ,2
philadelphia,atglen,PA,1
philadelphia,audubon,NJ,1
philadelphia,audubon,PA,1
philadelphia,avondale,PA,1
philadelphia,bala cynwyd,PA,1
philadelphia,barrington,NJ,1
philadelphia,barto,PA,1
philadelphia,bear,DE,1
philadelphia,bechtelsville,PA,1
philadelphia,bellmawr,NJ,2
philadelphia,bensalem,DE,0
philadelphia,bensalem,MD,0
philadelphia,bensalem,NJ,0
philadelphia,bensalem,PA,2
philadelphia,berlin,NJ,1
philadelphia,berwyn,PA,2
philadelphia,beverly,NJ,1
philadelphia,birchrunville,PA,1
philadelphia,blackwood,NJ,2
philadelphia,blooming glen,PA,1
philadelphia,blue bell,PA,1
philadelphia,bordentown,NJ,1
philadelphia,boyertown,PA,1
philadelphia,bridgeport,NJ,1
philadelphia,bridgeport,PA,1
philadelphia,bridgeton,NJ,1
philadelphia,bristol,PA,1
philadelphia,bristol township,DE,0
philadelphia,bristol township,MD,0
philadelphia,bristol township,NJ,0
philadelphia,bristol township,PA,0
philadelphia,brookhaven,PA,1
philadelphia,broomall,PA,1
philadelphia,browns mills,NJ,1
philadelphia,bryn athyn,PA,1
philadelphia,bryn mawr,PA,2
philadelphia,buckingham,PA,1
philadelphia,burlington,NJ,1
philadelphia,camden,DE,0
philadelphia,camden,MD,0
philadelphia,camden,NJ,5
philadelphia,camden,PA,0
philadelphia,carversville,PA,1
philadelphia,cecilton,MD,1
philadelphia,chadds ford,PA,2
philadelphia,chalfont,PA,2
philadelphia,charlestown,MD,1
philadelphia,chatsworth,NJ,1
philadelphia,cheltenham,PA,1
philadelphia,cherry hill,DE,0
philadelphia,cherry hill,MD,0
philadelphia,cherry hill,NJ,3
philadelphia,cherry hill,PA,0
philadelphia,chesapeake city,MD,1
philadelphia,chester,DE,0
philadelphia,chester,MD,0
philadelphia,chester,NJ,0
philadelphia,chester,PA,2
philadelphia,chester heights,PA,1
philadelphia,chester springs,PA,1
philadelphia,chesterfield,NJ,1
philadelphia,cheyney,PA,2
philadelphia,clarksboro,NJ,1
philadelphia,claymont,DE,1
philadelphia,clayton,DE,1
philadelphia,clayton,NJ,1
philadelphia,clementon,NJ,1
philadelphia,clifton heights,PA,1
philadelphia,coatesville,DE,0
philadelphia,coatesville,MD,0
philadelphia,coatesville,NJ,0
philadelphia,coatesville,PA,1
philadelphia,cochranville,PA,1
philadelphia,collegeville,PA,1
philadelphia,collingswood,NJ,1
philadelphia,colmar,PA,1
philadelphia,colora,MD,1
philadelphia,columbus,NJ,1
philadelphia,concordville,PA,1
philadelphia,conowingo,MD,1
philadelphia,conshohocken,DE,0
philadelphia,conshohocken,MD,0
philadelphia,conshohocken,NJ,0
philadelphia,conshohocken,PA,1
philadelphia,cookstown,NJ,1
philadelphia,coopersburg,PA,1
philadelphia,croydon,PA,1
philadelphia,crum lynne,PA,1
philadelphia,darby,PA,1
philadelphia,deepwater,NJ,1
philadelphia,delaware city,DE,1
philadelphia,devon,PA,2
philadelphia,douglassville,PA,1
philadelphia,downingtown,PA,1
philadelphia,doylestown,DE,0
philadelphia,doylestown,MD,0
philadelphia,doylestown,NJ,0
philadelphia,doylestown,PA,2
philadelphia,dresher,PA,1
philadelphia,drexel hill,DE,0
philadelphia,drexel hill,MD,0
philadelphia,drexel hill,NJ,0
philadelphia,drexel hill,PA,1
philadelphia,dublin,PA,1
philadelphia,durham,PA,1
philadelphia,eagleville,PA,1
philadelphia,earleville,MD,1
philadelphia,east greenville,PA,2
philadelphia,easton,PA,1
philadelphia,edgemont,PA,1
philadelphia,egg harbor city,NJ,1
philadelphia,elk mills,MD,1
philadelphia,elkins park,PA,1
philadelphia,elkton,DE,0
philadelphia,elkton,MD,2
philadelphia,elkton,NJ,0
philadelphia,elkton,PA,0
philadelphia,elmer,NJ,1
philadelphia,elverson,PA,1
philadelphia,erwinna,PA,1
philadelphia,essington,PA,1
philadelphia,exton,PA,1
philadelphia,fairless hills,PA,1
philadelphia,feasterville trevose,PA,1
philadelphia,florence,NJ,1
philadelphia,flourtown,PA,1
philadelphia,folcroft,PA,1
philadelphia,folsom,PA,1
philadelphia,fort washington,PA,1
philadelphia,fountainville,PA,1
philadelphia,franklinville,NJ,1
philadelphia,frederick,PA,1
philadelphia,furlong,PA,1
philadelphia,gap,PA,1
philadelphia,garnet valley,PA,1
philadelphia,georgetown,MD,1
philadelphia,gibbsboro,NJ,1
philadelphia,gibbstown,NJ,1
philadelphia,gilbertsville,PA,1
philadelphia,gladwyne,PA,1
philadelphia,glassboro,DE,0
philadelphia,glassboro,MD,0
philadelphia,glassboro,NJ,1
philadelphia,glassboro,PA,0
philadelphia,glen mills,PA,2
philadelphia,glendora,NJ,1
philadelphia,glenmoore,PA,1
philadelphia,glenolden,PA,1
philadelphia,glenside,PA,1
philadelphia,gloucester city,NJ,1
philadelphia,green lane,PA,2
philadelphia,grenloch,NJ,1
philadelphia,gwynedd,PA,1
philadelphia,gwynedd valley,PA,1
philadelphia,haddon heights,NJ,1
philadelphia,haddonfield,NJ,1
philadelphia,hainesport,NJ,1
philadelphia,hammonton,NJ,1
philadelphia,hancocks bridge,NJ,1
philadelphia,harleysville,PA,1
philadelphia,harrisonville,NJ,1
philadelphia,hatboro,PA,2
philadelphia,hatfield,PA,2
philadelphia,haverford,PA,2
philadelphia,havertown,DE,0
philadelphia,havertown,MD,0
philadelphia,havertown,NJ,0
philadelphia,havertown,PA,2
philadelphia,hellertown,PA,1
philadelphia,hilltown,PA,1
philadelphia,hockessin,DE,1
philadelphia,holicong,PA,1
philadelphia,holmes,PA,1
philadelphia,honey brook,PA,1
philadelphia,horsham,PA,2
philadelphia,huntingdon valley,PA,2
philadelphia,jamison,PA,1
philadelphia,jenkintown,PA,2
philadelphia,jobstown,NJ,1
philadelphia,joint base mdl,NJ,2
philadelphia,kennett square,PA,1
philadelphia,kimberton,PA,1
philadelphia,king of prussia,DE,0
philadelphia,king of prussia,MD,0
philadelphia,king of prussia,NJ,0
philadelphia,king of prussia,PA,1
philadelphia,kintnersville,PA,1
philadelphia,kirkwood,PA,1
philadelphia,kulpsville,PA,1
philadelphia,lafayette hill,PA,1
philadelphia,lahaska,PA,1
philadelphia,landenberg,PA,1
philadelphia,langhorne,PA,1
philadelphia,lansdale,DE,0
philadelphia,lansdale,MD,0
philadelphia,lansdale,NJ,0
philadelphia,lansdale,PA,1
philadelphia,lansdowne,PA,1
philadelphia,lawnside,NJ,1
philadelphia,lederach,PA,1
philadelphia,lenni,PA,1
philadelphia,levittown,DE,0
philadelphia,levittown,MD,0
philadelphia,levittown,NJ,0
philadelphia,levittown,PA,5
philadelphia,lincoln university,PA,1
philadelphia,line lexington,PA,2
philadelphia,lower merion,DE,0
philadelphia,lower merion,MD,0
philadelphia,lower merion,NJ,0
philadelphia,lower merion,PA,0
philadelphia,lumberton,NJ,1
philadelphia,lumberville,PA,1
philadelphia,magnolia,NJ,1
philadelphia,mainland,PA,1
philadelphia,malaga,NJ,1
philadelphia,malvern,PA,1
philadelphia,mantua,NJ,1
philadelphia,maple shade,NJ,2
philadelphia,marcus hook,PA,1
philadelphia,marlton,NJ,2
philadelphia,mechanicsville,PA,1
philadelphia,medford,NJ,1
philadelphia,media,PA,1
philadelphia,merchantville,NJ,1
philadelphia,merion station,PA,1
philadelphia,mickleton,NJ,1
philadelphia,middletown,DE,1
philadelphia,milford square,PA,1
philadelphia,modena,PA,1
philadelphia,monroeville,NJ,2
philadelphia,mont clare,PA,1
philadelphia,montchanin,DE,1
philadelphia,montgomeryville,PA,1
philadelphia,moorestown,NJ,1
philadelphia,morgantown,PA,1
philadelphia,morrisville,PA,1
philadelphia,morton,PA,1
philadelphia,mount ephraim,NJ,1
philadelphia,mount holly,NJ,1
philadelphia,mount laurel,DE,0
philadelphia,mount laurel,MD,0
philadelphia,mount laurel,NJ,1
philadelphia,mount laurel,PA,0
philadelphia,mount royal,NJ,1
philadelphia,mullica hill,NJ,1
philadelphia,narberth,PA,1
philadelphia,narvon,PA,1
philadelphia,national park,NJ,1
philadelphia,new castle,DE,1
philadelphia,new egypt,NJ,1
philadelphia,new gretna,NJ,1
philadelphia,new hope,PA,1
philadelphia,new lisbon,NJ,1
philadelphia,newark,DE,7
philadelphia,newark,MD,0
philadelphia,newark,NJ,0
philadelphia,newark,PA,0
philadelphia,newfield,NJ,2
philadelphia,newtown,PA,1
philadelphia,newtown square,PA,2
philadelphia,norma,NJ,1
philadelphia,norristown,DE,0
philadelphia,norristown,MD,0
philadelphia,norristown,NJ,0
philadelphia,norristown,PA,3
philadelphia,north east,MD,1
philadelphia,north wales,PA,2
philadelphia,norwood,PA,1
philadelphia,nottingham,PA,1
philadelphia,oaklyn,NJ,1
philadelphia,oaks,PA,1
philadelphia,odessa,DE,1
philadelphia,oreland,PA,1
philadelphia,ottsville,PA,1
philadelphia,oxford,PA,1
philadelphia,palm,PA,1
philadelphia,palmyra,NJ,1
philadelphia,paoli,PA,1
philadelphia,parker ford,PA,1
philadelphia,parkesburg,PA,1
philadelphia,paulsboro,NJ,1
philadelphia,pedricktown,NJ,1
philadelphia,pemberton,NJ,1
philadelphia,penns grove,NJ,1
philadelphia,pennsauken,DE,0
philadelphia,pennsauken,MD,0
philadelphia,pennsauken,NJ,1
philadelphia,pennsauken,PA,0
philadelphia,pennsburg,PA,2
philadelphia,pennsville,NJ,1
philadelphia,perkasie,PA,1
philadelphia,perkiomenville,PA,1
philadelphia,perry point,MD,1
philadelphia,perryville,MD,1
philadelphia,philadelphia,DE,0
philadelphia,philadelphia,MD,0
philadelphia,philadelphia,NJ,0
philadelphia,philadelphia,PA,56
philadelphia,phoenixville,DE,0
philadelphia,phoenixville,MD,0
philadelphia,phoenixville,NJ,0
philadelphia,phoenixville,PA,2
philadelphia,pipersville,PA,1
philadelphia,pitman,NJ,1
philadelphia,plumsteadville,PA,1
philadelphia,plymouth meeting,DE,0
philadelphia,plymouth meeting,MD,0
philadelphia,plymouth meeting,NJ,0
philadelphia,plymouth meeting,PA,1
philadelphia,point pleasant,PA,1
philadelphia,pomeroy,PA,1
philadelphia,port deposit,MD,1
philadelphia,port penn,DE,1
philadelphia,pottstown,DE,0
philadelphia,pottstown,MD,0
philadelphia,pottstown,NJ,0
philadelphia,pottstown,PA,3
philadelphia,prospect park,PA,1
philadelphia,quakertown,DE,0
philadelphia,quakertown,MD,0
philadelphia,quakertown,NJ,0
philadelphia,quakertown,PA,1
philadelphia,quinton,NJ,1
philadelphia,rancocas,NJ,1
philadelphia,red hill,PA,1
philadelphia,revere,PA,1
philadelphia,richboro,PA,1
philadelphia,richlandtown,PA,1
philadelphia,ridley park,PA,1
philadelphia,riegelsville,PA,1
philadelphia,rising sun,MD,1
philadelphia,riverside,NJ,1
philadelphia,riverton,NJ,1
philadelphia,rockland,DE,1
philadelphia,roebling,NJ,1
philadelphia,royersford,PA,1
philadelphia,runnemede,NJ,1
philadelphia,sadsburyville,PA,1
philadelphia,saint georges,DE,1
philadelphia,salem,NJ,1
philadelphia,salford,PA,1
philadelphia,schwenksville,PA,1
philadelphia,sellersville,PA,1
philadelphia,sewell,NJ,2
philadelphia,sharon hill,PA,1
philadelphia,sicklerville,NJ,2
philadelphia,silverdale,PA,1
philadelphia,skippack,PA,1
philadelphia,smyrna,DE,1
philadelphia,solebury,PA,1
philadelphia,somerdale,NJ,1
philadelphia,souderton,PA,2
philadelphia,southampton,PA,1
philadelphia,southeastern,PA,1
philadelphia,spring city,PA,1
philadelphia,spring house,PA,1
philadelphia,spring mount,PA,1
philadelphia,springfield,DE,0
philadelphia,springfield,MD,0
philadelphia,springfield,NJ,0
philadelphia,springfield,PA,1
philadelphia,springtown,PA,1
philadelphia,stratford,NJ,1
philadelphia,sumneytown,PA,1
philadelphia,swarthmore,PA,1
philadelphia,swedesboro,NJ,2
philadelphia,telford,PA,2
philadelphia,thorndale,PA,1
philadelphia,thornton,PA,2
philadelphia,thorofare,NJ,1
philadelphia,toughkenamon,PA,1
philadelphia,townsend,DE,1
philadelphia,trenton,NJ,2
philadelphia,trumbauersville,PA,1
philadelphia,tuckerton,NJ,1
philadelphia,tylersport,PA,1
philadelphia,unionville,PA,1
philadelphia,upper black eddy,PA,1
philadelphia,upper darby,DE,0
philadelphia,upper darby,MD,0
philadelphia,upper darby,NJ,0
philadelphia,upper darby,PA,1
philadelphia,uwchland,PA,1
philadelphia,valley forge,PA,3
philadelphia,villanova,PA,2
philadelphia,vincentown,NJ,1
philadelphia,vineland,NJ,1
philadelphia,voorhees,DE,0
philadelphia,voorhees,MD,0
philadelphia,voorhees,NJ,2
philadelphia,voorhees,PA,0
philadelphia,wallingford,PA,1
philadelphia,warminster,PA,2
philadelphia,warrington,PA,1
philadelphia,warwick,MD,1
philadelphia,washington crossing,PA,1
philadelphia,waterford works,NJ,1
philadelphia,wayne,PA,3
philadelphia,wenonah,NJ,1
philadelphia,west berlin,NJ,2
philadelphia,west chester,DE,0
philadelphia,west chester,MD,0
philadelphia,west chester,NJ,0
philadelphia,west chester,PA,4
philadelphia,west grove,PA,1
philadelphia,westtown,PA,1
philadelphia,westville,NJ,1
philadelphia,williamstown,NJ,1
philadelphia,willingboro,NJ,1
philadelphia,willow grove,PA,1
philadelphia,wilmington,DE,11
philadelphia,wilmington,MD,0
philadelphia,wilmington,NJ,0
philadelphia,wilmington,PA,0
philadelphia,winterthur,DE,1
philadelphia,woodbury,NJ,1
philadelphia,woodbury heights,NJ,1
philadelphia,woodlyn,PA,1
philadelphia,woodstown,NJ,2
philadelphia,worcester,PA,1
philadelphia,wrightstown,NJ,1
philadelphia,wyncote,PA,1
philadelphia,wynnewood,PA,2
philadelphia,yorklyn,DE,1
philadelphia,zieglerville,PA,1
atlanta,acworth,GA,7
atlanta,adairsville,GA,1
atlanta,alpharetta,GA,8
atlanta,aragon,GA,1
atlanta,atlanta,GA,83
atlanta,auburn,GA,2
atlanta,austell,GA,4
atlanta,avondale estates,GA,1
atlanta,ball ground,GA,3
atlanta,bethlehem,GA,3
atlanta,bishop,GA,1
atlanta,blairsville,GA,1
atlanta,bogart,GA,1
atlanta,bowdon,GA,2
atlanta,braselton,GA,2
atlanta,bremen,GA,2
atlanta,brookhaven,GA,0
atlanta,brooks,GA,2
atlanta,buchanan,GA,1
atlanta,buckhead,GA,1
atlanta,buford,GA,3
atlanta,canton,GA,3
atlanta,carrollton,GA,3
atlanta,cartersville,GA,3
atlanta,cassville,GA,1
atlanta,chamblee,GA,0
atlanta,clarkdale,GA,1
atlanta,clarkston,GA,1
atlanta,cleveland,GA,1
atlanta,concord,GA,1
atlanta,conley,GA,2
atlanta,conyers,GA,9
atlanta,covington,GA,6
atlanta,cumming,GA,6
atlanta,dacula,GA,2
atlanta,dahlonega,GA,2
atlanta,dallas,GA,3
atlanta,dawsonville,GA,5
atlanta,decatur,GA,8
atlanta,douglasville,GA,5
atlanta,duluth,GA,5
atlanta,dunwoody,GA,0
atlanta,east point,GA,0
atlanta,eatonton,GA,1
atlanta,ellenwood,GA,4
atlanta,ellijay,GA,3
atlanta,emerson,GA,1
atlanta,experiment,GA,1
atlanta,fairburn,GA,2
atlanta,fairmount,GA,2
atlanta,fayetteville,GA,4
atlanta,flovilla,GA,1
atlanta,forest park,GA,2
atlanta,forsyth,GA,1
atlanta,franklin,GA,2
atlanta,gainesville,GA,1
atlanta,gay,GA,1
atlanta,good hope,GA,2
atlanta,grantville,GA,2
atlanta,grayson,GA,1
atlanta,greensboro,GA,1
atlanta,greenville,GA,1
atlanta,griffin,GA,6
atlanta,hampton,GA,3
atlanta,hillsboro,GA,1
atlanta,hiram,GA,2
atlanta,hogansville,GA,3
atlanta,holly springs,GA,1
atlanta,hoschton,GA,2
atlanta,jackson,GA,3
atlanta,jasper,GA,3
atlanta,jenkinsburg,GA,2
atlanta,johns creek,GA,0
atlanta,jonesboro,GA,5
atlanta,kennesaw,GA,4
atlanta,kingston,GA,1
atlanta,lagrange,GA,2
atlanta,lawrenceville,GA,6
atlanta,lebanon,GA,1
atlanta,lilburn,GA,2
atlanta,lithia springs,GA,2
atlanta,lithonia,GA,4
atlanta,locust grove,GA,3
atlanta,loganville,GA,4
atlanta,lovejoy,GA,1
atlanta,luthersville,GA,1
atlanta,mableton,GA,1
atlanta,madison,GA,2
atlanta,manchester,GA,1
atlanta,mansfield,GA,3
atlanta,marble hill,GA,2
atlanta,marietta,GA,12
atlanta,mcdonough,GA,3
atlanta,meansville,GA,1
atlanta,milner,GA,1
atlanta,milton,GA,0
atlanta,molena,GA,1
atlanta,monroe,GA,3
atlanta,monticello,GA,2
atlanta,moreland,GA,1
atlanta,morrow,GA,2
atlanta,murrayville,GA,1
atlanta,nelson,GA,1
atlanta,newborn,GA,3
atlanta,newnan,GA,5
atlanta,norcross,GA,6
atlanta,orchard hill,GA,1
atlanta,oxford,GA,2
atlanta,palmetto,GA,2
atlanta,peachtree city,GA,1
atlanta,peachtree corners,GA,2
atlanta,pine lake,GA,1
atlanta,pine mountain,GA,1
atlanta,porterdale,GA,1
atlanta,powder springs,GA,3
atlanta,ranger,GA,1
atlanta,red oak,GA,1
atlanta,redan,GA,1
atlanta,rex,GA,2
atlanta,riverdale,GA,3
atlanta,rockmart,GA,2
atlanta,rome,GA,1
atlanta,roopville,GA,2
atlanta,roswell,GA,5
atlanta,rutledge,GA,2
atlanta,rydal,GA,1
atlanta,sandy springs,GA,0
atlanta,scottdale,GA,1
atlanta,senoia,GA,3
atlanta,shady dale,GA,1
atlanta,sharpsburg,GA,1
atlanta,smyrna,GA,3
atlanta,snellville,GA,4
atlanta,social circle,GA,3
atlanta,south fulton,GA,0
atlanta,statham,GA,1
atlanta,stockbridge,GA,3
atlanta,stone mountain,GA,5
atlanta,stonecrest,GA,0
atlanta,sunny side,GA,1
atlanta,suwanee,GA,3
atlanta,talking rock,GA,1
atlanta,tallapoosa,GA,1
atlanta,tate,GA,1
atlanta,taylorsville,GA,2
atlanta,temple,GA,3
atlanta,the rock,GA,1
atlanta,tucker,GA,3
atlanta,tyrone,GA,1
atlanta,union city,GA,1
atlanta,villa rica,GA,3
atlanta,waco,GA,2
atlanta,waleska,GA,3
atlanta,warm springs,GA,1
atlanta,white,GA,2
atlanta,whitesburg,GA,2
atlanta,williamson,GA,2
atlanta,winder,GA,2
atlanta,winston,GA,2
atlanta,woodbury,GA,1
atlanta,woodstock,GA,3
atlanta,zebulon,GA,1
dallas,addison,TX,1
dallas,aledo,TX,2
dallas,allen,TX,2
dallas,alvarado,TX,1
dallas,alvord,TX,1
dallas,anna,TX,1
dallas,argyle,TX,1
dallas,arlington,TX,18
dallas,aubrey,TX,1
dallas,azle,TX,4
dallas,balch springs,TX,1
dallas,bedford,TX,3
dallas,blooming grove,TX,1
dallas,blue ridge,TX,1
dallas,bluff dale,TX,2
dallas,boyd,TX,2
dallas,bridgeport,TX,1
dallas,burleson,TX,3
dallas,caddo mills,TX,1
dallas,campbell,TX,1
dallas,carrollton,TX,7
dallas,cedar hill,TX,3
dallas,celeste,TX,1
dallas,celina,TX,2
dallas,chico,TX,1
dallas,cleburne,TX,4
dallas,colleyville,TX,1
dallas,commerce,TX,1
dallas,coppell,TX,2
dallas,crandall,TX,1
dallas,cresson,TX,3
dallas,crowley,TX,2
dallas,cumby,TX,1
dallas,dallas,TX,78
dallas,decatur,TX,2
dallas,denton,TX,8
dallas,desoto,TX,2
dallas,duncanville,TX,3
dallas,ennis,TX,1
dallas,euless,TX,2
dallas,farmersville,TX,2
dallas,ferris,TX,2
dallas,flower mound,TX,5
dallas,forney,TX,2
dallas,forreston,TX,1
dallas,fort worth,TX,44
dallas,frisco,TX,7
dallas,frost,TX,1
dallas,garland,TX,10
dallas,glen rose,TX,1
dallas,godley,TX,2
dallas,granbury,TX,5
dallas,grand prairie,TX,10
dallas,grandview,TX,2
dallas,grapevine,TX,2
dallas,greenville,TX,4
dallas,gunter,TX,1
dallas,haltom city,TX,1
dallas,haslet,TX,3
dallas,hurst,TX,2
dallas,hutchins,TX,1
dallas,irving,TX,10
dallas,italy,TX,1
dallas,itasca,TX,1
dallas,jacksboro,TX,1
dallas,joshua,TX,1
dallas,justin,TX,2
dallas,kaufman,TX,1
dallas,keene,TX,1
dallas,keller,TX,2
dallas,kemp,TX,1
dallas,kennedale,TX,1
dallas,klondike,TX,1
dallas,krum,TX,2
dallas,ladonia,TX,1
dallas,lake dallas,TX,1
dallas,lancaster,TX,3
dallas,lavon,TX,1
dallas,leonard,TX,2
dallas,lewisville,TX,5
dallas,lillian,TX,1
dallas,lipan,TX,2
dallas,little elm,TX,1
dallas,lone oak,TX,1
dallas,mabank,TX,2
dallas,mansfield,TX,3
dallas,maypearl,TX,1
dallas,mckinney,TX,4
dallas,melissa,TX,1
dallas,mesquite,TX,6
dallas,midlothian,TX,3
dallas,milford,TX,1
dallas,millsap,TX,1
dallas,mineral wells,TX,1
dallas,naval air station jrb,TX,1
dallas,nemo,TX,2
dallas,nevada,TX,1
dallas,newark,TX,2
dallas,north richland hills,TX,2
dallas,palmer,TX,1
dallas,paradise,TX,1
dallas,pecan gap,TX,1
dallas,perrin,TX,1
dallas,pilot point,TX,1
dallas,plano,TX,11
dallas,ponder,TX,2
dallas,poolville,TX,2
dallas,princeton,TX,1
dallas,prosper,TX,2
dallas,quinlan,TX,2
dallas,rainbow,TX,1
dallas,red oak,TX,2
dallas,rhome,TX,2
dallas,richardson,TX,7
dallas,rio vista,TX,1
dallas,roanoke,TX,2
dallas,rockwall,TX,4
dallas,rosser,TX,1
dallas,rowlett,TX,5
dallas,royse city,TX,4
dallas,sachse,TX,2
dallas,sanger,TX,1
dallas,scurry,TX,1
dallas,seagoville,TX,2
dallas,southlake,TX,2
dallas,springtown,TX,2
dallas,sunnyvale,TX,1
dallas,sunset,TX,1
dallas,terrell,TX,4
dallas,the colony,TX,1
dallas,tolar,TX,1
dallas,valley view,TX,1
dallas,van alstyne,TX,1
dallas,venus,TX,2
dallas,walnut springs,TX,1
dallas,waxahachie,TX,3
dallas,weatherford,TX,5
dallas,whitewright,TX,1
dallas,whitt,TX,1
dallas,wills point,TX,2
dallas,wilmer,TX,1
dallas,wolfe city,TX,1
dallas,wylie,TX,3
baltimore,aberdeen,MD,1
baltimore,aberdeen proving ground,MD,1
baltimore,abingdon,MD,1
baltimore,annapolis,MD,7
baltimore,annapolis junction,MD,1
baltimore,arbutus,MD,0
baltimore,arnold,MD,1
baltimore,baldwin,MD,2
baltimore,baltimore,MD,31
baltimore,barclay,MD,1
baltimore,bel air,MD,2
baltimore,bel air south,MD,0
baltimore,belcamp,MD,1
baltimore,boring,MD,1
baltimore,brookeville,MD,1
baltimore,brooklandville,MD,1
baltimore,brooklyn,MD,2
baltimore,butler,MD,1
baltimore,catonsville,MD,2
baltimore,centreville,MD,1
baltimore,chester,MD,1
baltimore,chestertown,MD,1
baltimore,church hill,MD,1
baltimore,churchton,MD,1
baltimore,churchville,MD,1
baltimore,clarksville,MD,1
baltimore,cockeysville,MD,1
baltimore,columbia,MD,3
baltimore,cooksville,MD,1
baltimore,crofton,MD,1
baltimore,crownsville,MD,1
baltimore,crumpton,MD,1
baltimore,curtis bay,MD,2
baltimore,darlington,MD,1
baltimore,davidsonville,MD,1
baltimore,dayton,MD,1
baltimore,deale,MD,1
baltimore,dundalk,MD,2
baltimore,dunkirk,MD,1
baltimore,edgewater,MD,1
baltimore,edgewood,MD,1
baltimore,eldersburg,MD,0
baltimore,elkridge,MD,1
baltimore,ellicott city,MD,4
baltimore,essex,MD,1
baltimore,fallston,MD,1
baltimore,finksburg,MD,1
baltimore,forest hill,MD,1
baltimore,fork,MD,1
baltimore,fort george g meade,MD,1
baltimore,fort howard,MD,1
baltimore,freeland,MD,1
baltimore,friendship,MD,1
baltimore,fulton,MD,1
baltimore,galesville,MD,1
baltimore,gambrills,MD,1
baltimore,gibson island,MD,1
baltimore,glen arm,MD,1
baltimore,glen burnie,MD,2
baltimore,glenelg,MD,1
baltimore,glenwood,MD,1
baltimore,glyndon,MD,1
baltimore,grasonville,MD,1
baltimore,gunpowder,MD,1
baltimore,gwynn oak,MD,2
baltimore,halethorpe,MD,2
baltimore,hampstead,MD,2
baltimore,hanover,MD,2
baltimore,harmans,MD,1
baltimore,harwood,MD,1
baltimore,havre de grace,MD,1
baltimore,henderson,MD,1
baltimore,highland,MD,1
baltimore,hunt valley,MD,1
baltimore,hydes,MD,2
baltimore,ingleside,MD,1
baltimore,jarrettsville,MD,1
baltimore,jessup,MD,2
baltimore,joppa,MD,2
baltimore,keymar,MD,1
baltimore,kingsville,MD,2
baltimore,laurel,MD,2
baltimore,linthicum heights,MD,1
baltimore,lisbon,MD,1
baltimore,lothian,MD,1
baltimore,lutherville timonium,MD,2
baltimore,manchester,MD,2
baltimore,marriottsville,MD,3
baltimore,marydel,MD,1
baltimore,middle river,MD,1
baltimore,millersville,MD,1
baltimore,millington,MD,1
baltimore,monkton,MD,2
baltimore,mount airy,MD,2
baltimore,new windsor,MD,1
baltimore,north beach,MD,1
baltimore,nottingham,MD,2
baltimore,odenton,MD,1
baltimore,owings,MD,1
baltimore,owings mills,MD,1
baltimore,parkton,MD,1
baltimore,parkville,MD,2
baltimore,pasadena,MD,2
baltimore,perry hall,MD,1
baltimore,perryman,MD,1
baltimore,phoenix,MD,1
baltimore,pikesville,MD,3
baltimore,pylesville,MD,1
baltimore,queen anne,MD,1
baltimore,queenstown,MD,1
baltimore,randallstown,MD,1
baltimore,reisterstown,MD,2
baltimore,riderwood,MD,1
baltimore,riva,MD,1
baltimore,rosedale,MD,2
baltimore,savage,MD,1
baltimore,severn,MD,1
baltimore,severna park,MD,1
baltimore,shady side,MD,1
baltimore,simpsonville,MD,1
baltimore,sparks glencoe,MD,1
baltimore,sparrows point,MD,1
baltimore,stevenson,MD,1
baltimore,stevensville,MD,1
baltimore,street,MD,1
baltimore,sudlersville,MD,1
baltimore,sykesville,MD,2
baltimore,taneytown,MD,1
baltimore,towson,MD,5
baltimore,tracys landing,MD,1
baltimore,union bridge,MD,1
baltimore,upper falls,MD,1
baltimore,upperco,MD,2
baltimore,west friendship,MD,1
baltimore,west river,MD,1
baltimore,westminster,MD,2
baltimore,white hall,MD,2
baltimore,white marsh,MD,1
baltimore,whiteford,MD,1
baltimore,windsor mill,MD,1
baltimore,woodbine,MD,2
baltimore,woodstock,MD,2
baltimore,wye mills,MD,1
